symbol,date,open,high,low,close,volume_shares,suspended,up_limit,down_limit,adj_factor,corporate_action
000001.SZ,2024-01-02,20.06,21.51,19.88,21.33,1500000,false,22.0,18.0,1.0,false
000001.SZ,2024-01-03,21.39,21.57,21.19,21.37,1502500,false,23.46,19.2,1.0,false
000001.SZ,2024-01-04,21.43,21.61,21.2,21.38,1505000,false,23.51,19.23,1.0,false
000001.SZ,2024-01-05,21.42,21.6,21.2,21.38,1507500,false,23.52,19.24,1.0,false
000001.SZ,2024-01-08,21.41,21.59,21.17,21.35,1510000,false,23.52,19.24,1.0,false
000001.SZ,2024-01-09,21.35,21.53,21.12,21.3,1512500,false,23.49,19.22,1.0,false
000001.SZ,2024-01-10,21.28,21.46,21.06,21.24,1515000,false,23.43,19.17,1.0,false
000001.SZ,2024-01-11,21.2,21.38,20.97,21.15,1517500,false,23.36,19.12,1.0,false
000001.SZ,2024-01-12,21.1,21.28,20.88,21.06,1520000,false,23.27,19.04,1.0,false
000001.SZ,2024-01-15,21.0,21.18,20.76,20.94,1522500,false,23.17,18.95,1.0,false
000001.SZ,2024-01-16,20.88,21.06,20.64,20.82,1525000,false,23.03,18.85,1.0,false
000001.SZ,2024-01-17,20.76,20.94,20.5,20.68,1527500,false,22.9,18.74,1.0,false
000001.SZ,2024-01-18,20.63,20.81,20.36,20.54,1530000,false,22.75,18.61,1.0,false
000001.SZ,2024-01-19,20.51,20.69,20.21,20.39,1532500,false,22.59,18.49,1.0,false
000001.SZ,2024-01-22,20.38,20.56,20.06,20.24,1535000,false,22.43,18.35,1.0,false
000001.SZ,2024-01-23,20.25,20.43,19.91,20.09,1537500,false,22.26,18.22,1.0,false
000001.SZ,2024-01-24,20.12,20.3,19.76,19.94,1540000,false,22.1,18.08,1.0,false
000001.SZ,2024-01-25,19.98,20.16,19.62,19.8,1542500,false,21.93,17.95,1.0,false
000001.SZ,2024-01-26,19.85,20.03,19.49,19.67,1545000,false,21.78,17.82,1.0,false
000001.SZ,2024-01-29,19.73,19.91,19.36,19.54,1547500,false,21.64,17.7,1.0,false
000001.SZ,2024-01-30,19.6,19.78,19.25,19.43,1550000,false,21.49,17.59,1.0,false
000001.SZ,2024-01-31,19.48,19.66,19.15,19.33,1552500,false,21.37,17.49,1.0,false
000001.SZ,2024-02-01,19.37,19.55,19.07,19.25,1555000,false,21.26,17.4,1.0,false
000001.SZ,2024-02-02,19.27,19.45,19.01,19.19,1557500,false,21.18,17.32,1.0,false
000001.SZ,2024-02-05,19.19,19.37,18.97,19.15,1560000,false,21.11,17.27,1.0,false
000001.SZ,2024-02-06,19.13,19.31,18.94,19.12,1562500,false,21.07,17.23,1.0,false
000001.SZ,2024-02-07,19.09,19.3,18.91,19.12,1565000,false,21.03,17.21,1.0,false
000001.SZ,2024-02-08,19.07,19.32,18.89,19.14,1567500,false,21.03,17.21,1.0,false
000001.SZ,2024-02-09,19.08,19.36,18.9,19.18,1570000,false,21.05,17.23,1.0,false
000001.SZ,2024-02-12,19.12,19.42,18.94,19.24,1572500,false,21.1,17.26,1.0,false
000001.SZ,2024-02-13,19.19,19.5,19.01,19.32,1575000,false,21.16,17.32,1.0,false
000001.SZ,2024-02-14,19.28,19.6,19.1,19.42,1577500,false,21.25,17.39,1.0,false
000001.SZ,2024-02-15,19.39,19.71,19.21,19.53,1580000,false,21.36,17.48,1.0,false
000001.SZ,2024-02-16,19.52,19.85,19.34,19.67,1582500,false,21.48,17.58,1.0,false
000001.SZ,2024-02-19,19.68,19.99,19.5,19.81,1585000,false,21.64,17.7,1.0,false
000001.SZ,2024-02-20,19.84,20.15,19.66,19.97,1587500,false,21.79,17.83,1.0,false
000001.SZ,2024-02-21,20.01,20.32,19.83,20.14,1590000,false,21.97,17.97,1.0,false
000001.SZ,2024-02-22,20.2,20.5,20.02,20.32,1592500,false,22.15,18.13,1.0,false
000001.SZ,2024-02-23,20.38,20.68,20.2,20.5,1595000,false,22.35,18.29,1.0,false
000001.SZ,2024-02-26,20.56,20.87,20.38,20.69,1597500,false,22.55,18.45,1.0,false
000001.SZ,2024-02-27,20.74,21.06,20.56,20.88,1600000,false,22.76,18.62,1.0,false
000001.SZ,2024-02-28,20.92,21.24,20.74,21.06,1602500,false,22.97,18.79,1.0,false
000001.SZ,2024-02-29,21.08,21.42,20.9,21.24,1605000,false,23.17,18.95,1.0,false
000001.SZ,2024-03-01,21.24,21.59,21.06,21.41,1607500,false,23.36,19.12,1.0,false
000001.SZ,2024-03-04,21.39,21.75,21.21,21.57,1610000,false,23.55,19.27,1.0,false
000001.SZ,2024-03-05,21.53,21.9,21.35,21.72,1612500,false,23.73,19.41,1.0,false
000001.SZ,2024-03-06,21.66,22.04,21.48,21.86,1615000,false,23.89,19.55,1.0,false
000001.SZ,2024-03-07,21.8,22.16,21.62,21.98,1617500,false,24.05,19.67,1.0,false
000001.SZ,2024-03-08,21.91,22.26,21.73,22.08,1620000,false,24.18,19.78,1.0,false
000001.SZ,2024-03-11,22.02,22.34,21.84,22.16,1622500,false,24.29,19.87,1.0,false
000001.SZ,2024-03-12,22.11,22.4,21.93,22.22,1625000,false,24.38,19.94,1.0,false
000001.SZ,2024-03-13,22.19,22.44,22.01,22.26,1627500,false,24.44,20.0,1.0,false
000001.SZ,2024-03-14,22.25,22.46,22.07,22.28,1630000,false,24.49,20.03,1.0,false
000001.SZ,2024-03-15,22.29,22.47,22.1,22.28,1632500,false,24.51,20.05,1.0,false
000001.SZ,2024-03-18,22.31,22.49,22.08,22.26,1635000,false,24.51,20.05,1.0,false
000001.SZ,2024-03-19,22.31,22.49,22.04,22.22,1637500,false,24.49,20.03,1.0,false
000001.SZ,2024-03-20,22.28,22.46,21.98,22.16,1640000,false,24.44,20.0,1.0,false
000001.SZ,2024-03-21,22.23,22.41,21.9,22.08,1642500,false,24.38,19.94,1.0,false
000001.SZ,2024-03-22,22.14,22.32,21.81,21.99,1645000,false,24.29,19.87,1.0,false
000001.SZ,2024-03-25,22.04,22.22,21.7,21.88,1647500,false,24.19,19.79,1.0,false
000001.SZ,2024-03-26,21.92,22.1,21.58,21.76,1650000,false,24.07,19.69,1.0,false
000001.SZ,2024-03-27,21.78,21.96,21.44,21.62,1652500,false,23.94,19.58,1.0,false
000001.SZ,2024-03-28,21.62,21.8,21.3,21.48,1655000,false,23.78,19.46,1.0,false
000001.SZ,2024-03-29,21.45,21.63,21.16,21.34,1657500,false,23.63,19.33,1.0,false
000001.SZ,2024-04-01,21.3,21.48,21.01,21.19,1660000,false,23.47,19.21,1.0,false
000001.SZ,2024-04-02,21.13,21.31,20.85,21.03,1662500,false,23.31,19.07,1.0,false
000001.SZ,2024-04-03,20.97,21.15,20.71,20.89,1665000,false,23.13,18.93,1.0,false
000001.SZ,2024-04-04,20.83,21.01,20.56,20.74,1667500,false,22.98,18.8,1.0,false
000001.SZ,2024-04-05,20.69,20.87,20.43,20.61,1670000,false,22.81,18.67,1.0,false
000001.SZ,2024-04-08,20.57,20.75,20.3,20.48,1672500,false,22.67,18.55,1.0,false
000001.SZ,2024-04-09,20.46,20.64,20.18,20.36,1675000,false,22.53,18.43,1.0,false
000001.SZ,2024-04-10,20.36,20.54,20.08,20.26,1677500,false,22.4,18.32,1.0,false
000001.SZ,2024-04-11,20.28,20.46,20.0,20.18,1680000,false,22.29,18.23,1.0,false
000001.SZ,2024-04-12,20.21,20.39,19.93,20.11,1682500,false,22.2,18.16,1.0,false
000001.SZ,2024-04-15,20.16,20.34,19.88,20.06,1685000,false,22.12,18.1,1.0,false
000001.SZ,2024-04-16,20.12,20.3,19.85,20.03,1687500,false,22.07,18.05,1.0,false
000001.SZ,2024-04-17,20.09,20.27,19.84,20.02,1690000,false,22.03,18.03,1.0,false
000001.SZ,2024-04-18,20.08,20.26,19.86,20.04,1692500,false,22.02,18.02,1.0,false
000001.SZ,2024-04-19,20.09,20.27,19.89,20.07,1695000,false,22.04,18.04,1.0,false
000001.SZ,2024-04-22,20.1,20.3,19.92,20.12,1697500,false,22.08,18.06,1.0,false
000001.SZ,2024-04-23,20.13,20.38,19.95,20.2,1700000,false,22.13,18.11,1.0,false
000001.SZ,2024-04-24,20.19,20.47,20.01,20.29,1702500,false,22.22,18.18,1.0,false
000001.SZ,2024-04-25,20.26,20.58,20.08,20.4,1705000,false,22.32,18.26,1.0,false
000001.SZ,2024-04-26,20.36,20.71,20.18,20.53,1707500,false,22.44,18.36,1.0,false
000001.SZ,2024-04-29,20.47,20.86,20.29,20.68,1710000,false,22.58,18.48,1.0,false
000001.SZ,2024-04-30,20.62,21.01,20.44,20.83,1712500,false,22.75,18.61,1.0,false
000001.SZ,2024-05-01,20.77,21.18,20.59,21.0,1715000,false,22.91,18.75,1.0,false
000001.SZ,2024-05-02,20.95,21.36,20.77,21.18,1717500,false,23.1,18.9,1.0,false
000001.SZ,2024-05-03,21.14,21.54,20.96,21.36,1720000,false,23.3,19.06,1.0,false
000001.SZ,2024-05-06,21.34,21.73,21.16,21.55,1722500,false,23.5,19.22,1.0,false
000001.SZ,2024-05-07,21.55,21.91,21.37,21.73,1725000,false,23.71,19.39,1.0,false
000001.SZ,2024-05-08,21.75,22.1,21.57,21.92,1727500,false,23.9,19.56,1.0,false
000001.SZ,2024-05-09,21.96,22.28,21.78,22.1,1730000,false,24.11,19.73,1.0,false
000001.SZ,2024-05-10,22.16,22.45,21.98,22.27,1732500,false,24.31,19.89,1.0,false
000001.SZ,2024-05-13,22.33,22.62,22.15,22.44,1735000,false,24.5,20.04,1.0,false
000001.SZ,2024-05-14,22.51,22.77,22.33,22.59,1737500,false,24.68,20.2,1.0,false
000001.SZ,2024-05-15,22.65,22.91,22.47,22.73,1740000,false,24.85,20.33,1.0,false
000001.SZ,2024-05-16,22.78,23.03,22.6,22.85,1742500,false,25.0,20.46,1.0,false
000001.SZ,2024-05-17,22.88,23.14,22.7,22.96,1745000,false,25.14,20.57,1.0,false
000001.SZ,2024-05-20,22.97,23.22,22.79,23.04,1747500,false,25.26,20.66,1.0,false
000001.SZ,2024-05-21,23.03,23.29,22.85,23.11,1750000,false,25.34,20.74,1.0,false
000001.SZ,2024-05-22,23.08,23.34,22.9,23.16,1752500,false,25.42,20.8,1.0,false
000001.SZ,2024-05-23,23.11,23.37,22.93,23.19,1755000,false,25.48,20.84,1.0,false
000001.SZ,2024-05-24,23.13,23.37,22.95,23.19,1757500,false,25.51,20.87,1.0,false
000001.SZ,2024-05-27,23.12,23.36,22.94,23.18,1760000,false,25.51,20.87,1.0,false
000001.SZ,2024-05-28,23.11,23.32,22.93,23.14,1762500,false,25.5,20.86,1.0,false
000001.SZ,2024-05-29,23.08,23.26,22.9,23.08,1765000,false,25.45,20.83,1.0,false
000001.SZ,2024-05-30,23.04,23.22,22.83,23.01,1767500,false,25.39,20.77,1.0,false
000001.SZ,2024-05-31,22.99,23.17,22.74,22.92,1770000,false,25.31,20.71,1.0,false
000001.SZ,2024-06-03,22.92,23.1,22.63,22.81,1772500,false,25.21,20.63,1.0,false
000001.SZ,2024-06-04,22.83,23.01,22.51,22.69,1775000,false,25.09,20.53,1.0,false
000001.SZ,2024-06-05,22.73,22.91,22.38,22.56,1777500,false,24.96,20.42,1.0,false
000001.SZ,2024-06-06,22.62,22.8,22.25,22.43,1780000,false,24.82,20.3,1.0,false
000001.SZ,2024-06-07,22.5,22.68,22.1,22.28,1782500,false,24.67,20.19,1.0,false
000001.SZ,2024-06-10,22.35,22.53,21.95,22.13,1785000,false,24.51,20.05,1.0,false
000001.SZ,2024-06-11,22.19,22.37,21.8,21.98,1787500,false,24.34,19.92,1.0,false
000001.SZ,2024-06-12,22.03,22.21,21.65,21.83,1790000,false,24.18,19.78,1.0,false
000001.SZ,2024-06-13,21.86,22.04,21.51,21.69,1792500,false,24.01,19.65,1.0,false
000001.SZ,2024-06-14,21.7,21.88,21.37,21.55,1795000,false,23.86,19.52,1.0,false
000001.SZ,2024-06-17,21.54,21.72,21.24,21.42,1797500,false,23.71,19.39,1.0,false
000001.SZ,2024-06-18,21.39,21.57,21.12,21.3,1800000,false,23.56,19.28,1.0,false
000001.SZ,2024-06-19,21.25,21.43,21.01,21.19,1802500,false,23.43,19.17,1.0,false
000001.SZ,2024-06-20,21.13,21.31,20.92,21.1,1805000,false,23.31,19.07,1.0,false
000001.SZ,2024-06-21,21.04,21.22,20.85,21.03,1807500,false,23.21,18.99,1.0,false
000001.SZ,2024-06-24,20.97,21.16,20.79,20.98,1810000,false,23.13,18.93,1.0,false
000001.SZ,2024-06-25,20.93,21.12,20.75,20.94,1812500,false,23.08,18.88,1.0,false
000001.SZ,2024-06-26,20.91,21.11,20.73,20.93,1815000,false,23.03,18.85,1.0,false
000001.SZ,2024-06-27,20.91,21.12,20.73,20.94,1817500,false,23.02,18.84,1.0,false
000001.SZ,2024-06-28,20.95,21.14,20.77,20.96,1820000,false,23.03,18.85,1.0,false
000001.SZ,2024-07-01,20.99,21.19,20.81,21.01,1822500,false,23.06,18.86,1.0,false
000001.SZ,2024-07-02,21.05,21.26,20.87,21.08,1825000,false,23.11,18.91,1.0,false
000001.SZ,2024-07-03,21.14,21.35,20.96,21.17,1827500,false,23.19,18.97,1.0,false
000001.SZ,2024-07-04,21.23,21.46,21.05,21.28,1830000,false,23.29,19.05,1.0,false
000001.SZ,2024-07-05,21.34,21.58,21.16,21.4,1832500,false,23.41,19.15,1.0,false
000001.SZ,2024-07-08,21.46,21.72,21.28,21.54,1835000,false,23.54,19.26,1.0,false
000001.SZ,2024-07-09,21.58,21.88,21.4,21.7,1837500,false,23.69,19.39,1.0,false
000001.SZ,2024-07-10,21.72,22.04,21.54,21.86,1840000,false,23.87,19.53,1.0,false
000001.SZ,2024-07-11,21.86,22.22,21.68,22.04,1842500,false,24.05,19.67,1.0,false
000001.SZ,2024-07-12,22.02,22.4,21.84,22.22,1845000,false,24.24,19.84,1.0,false
000001.SZ,2024-07-15,22.18,22.58,22.0,22.4,1847500,false,24.44,20.0,1.0,false
600000.SH,2024-01-02,12.0,12.18,11.82,12.0,1500000,false,13.2,10.8,1.0,false
600000.SH,2024-01-03,12.01,12.37,11.83,12.19,1502500,false,13.2,10.8,1.0,false
600000.SH,2024-01-04,12.21,12.55,12.03,12.37,1505000,false,13.41,10.97,1.0,false
600000.SH,2024-01-05,12.4,12.73,12.22,12.55,1507500,false,13.61,11.13,1.0,false
600000.SH,2024-01-08,12.59,12.9,12.41,12.72,1510000,false,13.81,11.3,1.0,false
600000.SH,2024-01-09,12.76,13.06,12.58,12.88,1512500,false,13.99,11.45,1.0,false
600000.SH,2024-01-10,12.92,13.21,12.74,13.03,1515000,false,14.17,11.59,1.0,false
600000.SH,2024-01-11,13.06,13.34,12.88,13.16,1517500,false,14.33,11.73,1.0,false
600000.SH,2024-01-12,13.18,13.46,13.0,13.28,1520000,false,14.48,11.84,1.0,false
600000.SH,2024-01-15,13.29,13.56,13.11,13.38,1522500,false,14.61,11.95,1.0,false
600000.SH,2024-01-16,13.37,13.64,13.19,13.46,1525000,false,14.72,12.04,1.0,false
600000.SH,2024-01-17,13.44,13.7,13.26,13.52,1527500,false,14.81,12.11,1.0,false
600000.SH,2024-01-18,13.49,13.74,13.31,13.56,1530000,false,14.87,12.17,1.0,false
600000.SH,2024-01-19,13.52,13.76,13.34,13.58,1532500,false,14.92,12.2,1.0,false
600000.SH,2024-01-22,13.54,13.76,13.36,13.58,1535000,false,14.94,12.22,1.0,false
600000.SH,2024-01-23,13.54,13.74,13.36,13.56,1537500,false,14.94,12.22,1.0,false
600000.SH,2024-01-24,13.53,13.71,13.34,13.52,1540000,false,14.92,12.2,1.0,false
600000.SH,2024-01-25,13.5,13.68,13.27,13.45,1542500,false,14.87,12.17,1.0,false
600000.SH,2024-01-26,13.44,13.62,13.19,13.37,1545000,false,14.79,12.11,1.0,false
600000.SH,2024-01-29,13.37,13.55,13.1,13.28,1547500,false,14.71,12.03,1.0,false
600000.SH,2024-01-30,13.29,13.47,12.99,13.17,1550000,false,14.61,11.95,1.0,false
600000.SH,2024-01-31,13.2,13.38,12.86,13.04,1552500,false,14.49,11.85,1.0,false
600000.SH,2024-02-01,13.07,13.25,12.73,12.91,1555000,false,14.34,11.74,1.0,false
600000.SH,2024-02-02,12.95,13.13,12.59,12.77,1557500,false,14.2,11.62,1.0,false
600000.SH,2024-02-05,12.81,12.99,12.44,12.62,1560000,false,14.05,11.49,1.0,false
600000.SH,2024-02-06,12.65,12.83,12.29,12.47,1562500,false,13.88,11.36,1.0,false
600000.SH,2024-02-07,12.5,12.68,12.14,12.32,1565000,false,13.72,11.22,1.0,false
600000.SH,2024-02-08,12.34,12.52,11.99,12.17,1567500,false,13.55,11.09,1.0,false
600000.SH,2024-02-09,12.17,12.35,11.85,12.03,1570000,false,13.39,10.95,1.0,false
600000.SH,2024-02-12,12.02,12.2,11.71,11.89,1572500,false,13.23,10.83,1.0,false
600000.SH,2024-02-13,11.87,12.05,11.59,11.77,1575000,false,13.08,10.7,1.0,false
600000.SH,2024-02-14,11.74,11.92,11.47,11.65,1577500,false,12.95,10.59,1.0,false
600000.SH,2024-02-15,11.62,11.8,11.37,11.55,1580000,false,12.82,10.49,1.0,false
600000.SH,2024-02-16,11.52,11.7,11.29,11.47,1582500,false,12.71,10.4,1.0,false
600000.SH,2024-02-19,11.44,11.62,11.22,11.4,1585000,false,12.62,10.32,1.0,false
600000.SH,2024-02-20,11.37,11.55,11.18,11.36,1587500,false,12.54,10.26,1.0,false
600000.SH,2024-02-21,11.34,11.52,11.15,11.33,1590000,false,12.5,10.22,1.0,false
600000.SH,2024-02-22,11.32,11.5,11.14,11.32,1592500,false,12.46,10.2,1.0,false
600000.SH,2024-02-23,11.32,11.51,11.14,11.33,1595000,false,12.45,10.19,1.0,false
600000.SH,2024-02-26,11.34,11.55,11.16,11.37,1597500,false,12.46,10.2,1.0,false
600000.SH,2024-02-27,11.39,11.61,11.21,11.43,1600000,false,12.51,10.23,1.0,false
600000.SH,2024-02-28,11.46,11.68,11.28,11.5,1602500,false,12.57,10.29,1.0,false
600000.SH,2024-02-29,11.53,11.78,11.35,11.6,1605000,false,12.65,10.35,1.0,false
600000.SH,2024-03-01,11.63,11.89,11.45,11.71,1607500,false,12.76,10.44,1.0,false
600000.SH,2024-03-04,11.74,12.02,11.56,11.84,1610000,false,12.88,10.54,1.0,false
600000.SH,2024-03-05,11.86,12.16,11.68,11.98,1612500,false,13.02,10.66,1.0,false
600000.SH,2024-03-06,11.99,12.32,11.81,12.14,1615000,false,13.18,10.78,1.0,false
600000.SH,2024-03-07,12.14,12.49,11.96,12.31,1617500,false,13.35,10.93,1.0,false
600000.SH,2024-03-08,12.3,12.67,12.12,12.49,1620000,false,13.54,11.08,1.0,false
600000.SH,2024-03-11,12.47,12.85,12.29,12.67,1622500,false,13.74,11.24,1.0,false
600000.SH,2024-03-12,12.64,13.04,12.46,12.86,1625000,false,13.94,11.4,1.0,false
600000.SH,2024-03-13,12.82,13.22,12.64,13.04,1627500,false,14.15,11.57,1.0,false
600000.SH,2024-03-14,13.0,13.41,12.82,13.23,1630000,false,14.34,11.74,1.0,false
600000.SH,2024-03-15,13.19,13.59,13.01,13.41,1632500,false,14.55,11.91,1.0,false
600000.SH,2024-03-18,13.38,13.76,13.2,13.58,1635000,false,14.75,12.07,1.0,false
600000.SH,2024-03-19,13.56,13.92,13.38,13.74,1637500,false,14.94,12.22,1.0,false
600000.SH,2024-03-20,13.73,14.07,13.55,13.89,1640000,false,15.11,12.37,1.0,false
600000.SH,2024-03-21,13.9,14.21,13.72,14.03,1642500,false,15.28,12.5,1.0,false
600000.SH,2024-03-22,14.05,14.34,13.87,14.16,1645000,false,15.43,12.63,1.0,false
600000.SH,2024-03-25,14.19,14.44,14.01,14.26,1647500,false,15.58,12.74,1.0,false
600000.SH,2024-03-26,14.3,14.53,14.12,14.35,1650000,false,15.69,12.83,1.0,false
600000.SH,2024-03-27,14.39,14.59,14.21,14.41,1652500,false,15.79,12.91,1.0,false
600000.SH,2024-03-28,14.45,14.64,14.27,14.46,1655000,false,15.85,12.97,1.0,false
600000.SH,2024-03-29,14.5,14.68,14.3,14.48,1657500,false,15.91,13.01,1.0,false
600000.SH,2024-04-01,14.51,14.69,14.31,14.49,1660000,false,15.93,13.03,1.0,false
600000.SH,2024-04-02,14.5,14.68,14.29,14.47,1662500,false,15.94,13.04,1.0,false
600000.SH,2024-04-03,14.47,14.65,14.25,14.43,1665000,false,15.92,13.02,1.0,false
600000.SH,2024-04-04,14.42,14.6,14.2,14.38,1667500,false,15.87,12.99,1.0,false
600000.SH,2024-04-05,14.35,14.53,14.12,14.3,1670000,false,15.82,12.94,1.0,false
600000.SH,2024-04-08,14.26,14.44,14.03,14.21,1672500,false,15.73,12.87,1.0,false
600000.SH,2024-04-09,14.17,14.35,13.92,14.1,1675000,false,15.63,12.79,1.0,false
600000.SH,2024-04-10,14.06,14.24,13.8,13.98,1677500,false,15.51,12.69,1.0,false
600000.SH,2024-04-11,13.94,14.12,13.67,13.85,1680000,false,15.38,12.58,1.0,false
600000.SH,2024-04-12,13.82,14.0,13.53,13.71,1682500,false,15.24,12.46,1.0,false
600000.SH,2024-04-15,13.69,13.87,13.39,13.57,1685000,false,15.08,12.34,1.0,false
600000.SH,2024-04-16,13.56,13.74,13.24,13.42,1687500,false,14.93,12.21,1.0,false
600000.SH,2024-04-17,13.43,13.61,13.09,13.27,1690000,false,14.76,12.08,1.0,false
600000.SH,2024-04-18,13.29,13.47,12.94,13.12,1692500,false,14.6,11.94,1.0,false
600000.SH,2024-04-19,13.15,13.33,12.79,12.97,1695000,false,14.43,11.81,1.0,false
600000.SH,2024-04-22,13.01,13.19,12.65,12.83,1697500,false,14.27,11.67,1.0,false
600000.SH,2024-04-23,12.87,13.05,12.53,12.71,1700000,false,14.11,11.55,1.0,false
600000.SH,2024-04-24,12.75,12.93,12.41,12.59,1702500,false,13.98,11.44,1.0,false
600000.SH,2024-04-25,12.62,12.8,12.3,12.48,1705000,false,13.85,11.33,1.0,false
600000.SH,2024-04-26,12.5,12.68,12.22,12.4,1707500,false,13.73,11.23,1.0,false
600000.SH,2024-04-29,12.41,12.59,12.14,12.32,1710000,false,13.64,11.16,1.0,false
600000.SH,2024-04-30,12.32,12.5,12.09,12.27,1712500,false,13.55,11.09,1.0,false
600000.SH,2024-05-01,12.26,12.44,12.06,12.24,1715000,false,13.5,11.04,1.0,false
600000.SH,2024-05-02,12.22,12.41,12.04,12.23,1717500,false,13.46,11.02,1.0,false
600000.SH,2024-05-03,12.2,12.41,12.02,12.23,1720000,false,13.45,11.01,1.0,false
600000.SH,2024-05-06,12.19,12.44,12.01,12.26,1722500,false,13.45,11.01,1.0,false
600000.SH,2024-05-07,12.22,12.49,12.04,12.31,1725000,false,13.49,11.03,1.0,false
600000.SH,2024-05-08,12.28,12.56,12.1,12.38,1727500,false,13.54,11.08,1.0,false
600000.SH,2024-05-09,12.35,12.65,12.17,12.47,1730000,false,13.62,11.14,1.0,false
600000.SH,2024-05-10,12.45,12.76,12.27,12.58,1732500,false,13.72,11.22,1.0,false
600000.SH,2024-05-13,12.58,12.89,12.4,12.71,1735000,false,13.84,11.32,1.0,false
600000.SH,2024-05-14,12.72,13.03,12.54,12.85,1737500,false,13.98,11.44,1.0,false
600000.SH,2024-05-15,12.87,13.18,12.69,13.0,1740000,false,14.14,11.56,1.0,false
600000.SH,2024-05-16,13.03,13.35,12.85,13.17,1742500,false,14.3,11.7,1.0,false
600000.SH,2024-05-17,13.21,13.52,13.03,13.34,1745000,false,14.49,11.85,1.0,false
600000.SH,2024-05-20,13.38,13.71,13.2,13.53,1747500,false,14.67,12.01,1.0,false
600000.SH,2024-05-21,13.57,13.89,13.39,13.71,1750000,false,14.88,12.18,1.0,false
600000.SH,2024-05-22,13.74,14.08,13.56,13.9,1752500,false,15.08,12.34,1.0,false
600000.SH,2024-05-23,13.92,14.26,13.74,14.08,1755000,false,15.29,12.51,1.0,false
600000.SH,2024-05-24,14.09,14.44,13.91,14.26,1757500,false,15.49,12.67,1.0,false
600000.SH,2024-05-27,14.26,14.62,14.08,14.44,1760000,false,15.69,12.83,1.0,false
600000.SH,2024-05-28,14.42,14.79,14.24,14.61,1762500,false,15.88,13.0,1.0,false
600000.SH,2024-05-29,14.58,14.94,14.4,14.76,1765000,false,16.07,13.15,1.0,false
600000.SH,2024-05-30,14.72,15.08,14.54,14.9,1767500,false,16.24,13.28,1.0,false
600000.SH,2024-05-31,14.86,15.21,14.68,15.03,1770000,false,16.39,13.41,1.0,false
600000.SH,2024-06-03,14.99,15.32,14.81,15.14,1772500,false,16.53,13.53,1.0,false
600000.SH,2024-06-04,15.1,15.41,14.92,15.23,1775000,false,16.65,13.63,1.0,false
600000.SH,2024-06-05,15.2,15.48,15.02,15.3,1777500,false,16.75,13.71,1.0,false
600000.SH,2024-06-06,15.28,15.53,15.1,15.35,1780000,false,16.83,13.77,1.0,false
600000.SH,2024-06-07,15.35,15.56,15.17,15.38,1782500,false,16.89,13.81,1.0,false
600000.SH,2024-06-10,15.39,15.57,15.21,15.39,1785000,false,16.92,13.84,1.0,false
600000.SH,2024-06-11,15.42,15.6,15.2,15.38,1787500,false,16.93,13.85,1.0,false
600000.SH,2024-06-12,15.42,15.6,15.17,15.35,1790000,false,16.92,13.84,1.0,false
600000.SH,2024-06-13,15.39,15.57,15.12,15.3,1792500,false,16.89,13.81,1.0,false
600000.SH,2024-06-14,15.35,15.53,15.05,15.23,1795000,false,16.83,13.77,1.0,false
600000.SH,2024-06-17,15.27,15.45,14.96,15.14,1797500,false,16.75,13.71,1.0,false
600000.SH,2024-06-18,15.17,15.35,14.86,15.04,1800000,false,16.65,13.63,1.0,false
600000.SH,2024-06-19,15.06,15.24,14.74,14.92,1802500,false,16.54,13.54,1.0,false
600000.SH,2024-06-20,14.93,15.11,14.61,14.79,1805000,false,16.41,13.43,1.0,false
600000.SH,2024-06-21,14.78,14.96,14.48,14.66,1807500,false,16.27,13.31,1.0,false
600000.SH,2024-06-24,14.64,14.82,14.33,14.51,1810000,false,16.13,13.19,1.0,false
600000.SH,2024-06-25,14.48,14.66,14.18,14.36,1812500,false,15.96,13.06,1.0,false
600000.SH,2024-06-26,14.32,14.5,14.03,14.21,1815000,false,15.8,12.92,1.0,false
600000.SH,2024-06-27,14.17,14.35,13.88,14.06,1817500,false,15.63,12.79,1.0,false
600000.SH,2024-06-28,14.02,14.2,13.74,13.92,1820000,false,15.47,12.65,1.0,false
600000.SH,2024-07-01,13.89,14.07,13.6,13.78,1822500,false,15.31,12.53,1.0,false
600000.SH,2024-07-02,13.76,13.94,13.46,13.64,1825000,false,15.16,12.4,1.0,false
600000.SH,2024-07-03,13.63,13.81,13.34,13.52,1827500,false,15.0,12.28,1.0,false
600000.SH,2024-07-04,13.52,13.7,13.24,13.42,1830000,false,14.87,12.17,1.0,false
600000.SH,2024-07-05,13.43,13.61,13.14,13.32,1832500,false,14.76,12.08,1.0,false
600000.SH,2024-07-08,13.35,13.53,13.07,13.25,1835000,false,14.65,11.99,1.0,false
600000.SH,2024-07-09,13.28,13.46,13.01,13.19,1837500,false,14.58,11.93,1.0,false
600000.SH,2024-07-10,13.23,13.41,12.97,13.15,1840000,false,14.51,11.87,1.0,false
600000.SH,2024-07-11,13.19,13.37,12.95,13.13,1842500,false,14.47,11.84,1.0,false
600000.SH,2024-07-12,13.17,13.35,12.95,13.13,1845000,false,14.44,11.82,1.0,false
600000.SH,2024-07-15,13.16,13.34,12.98,13.16,1847500,false,14.44,11.82,1.0,false
